{
    "Agronomy Specialist": {
        "precision": 0.7346938775510204,
        "recall": 0.6545454545454545,
        "f1-score": 0.6923076923076923,
        "support": 55.0
    },
    "Animal Science Specialist": {
        "precision": 0.6842105263157895,
        "recall": 0.5306122448979592,
        "f1-score": 0.5977011494252874,
        "support": 49.0
    },
    "Automotive Technology Specialist": {
        "precision": 0.78125,
        "recall": 0.6756756756756757,
        "f1-score": 0.7246376811594203,
        "support": 37.0
    },
    "Biology Specialist": {
        "precision": 0.5,
        "recall": 0.5,
        "f1-score": 0.5,
        "support": 12.0
    },
    "Communication Specialist": {
        "precision": 0.625,
        "recall": 0.43478260869565216,
        "f1-score": 0.5128205128205128,
        "support": 23.0
    },
    "Computer Science Specialist": {
        "precision": 0.782608695652174,
        "recall": 0.782608695652174,
        "f1-score": 0.782608695652174,
        "support": 23.0
    },
    "Criminology Specialist": {
        "precision": 0.7549019607843137,
        "recall": 0.7129629629629629,
        "f1-score": 0.7333333333333333,
        "support": 108.0
    },
    "Electrical Technology Specialist": {
        "precision": 0.7307692307692307,
        "recall": 0.6551724137931034,
        "f1-score": 0.6909090909090909,
        "support": 29.0
    },
    "Electronics Technology Specialist": {
        "precision": 0.5609756097560976,
        "recall": 0.71875,
        "f1-score": 0.6301369863013698,
        "support": 32.0
    },
    "English Specialist": {
        "precision": 0.7857142857142857,
        "recall": 0.7021276595744681,
        "f1-score": 0.7415730337078652,
        "support": 47.0
    },
    "Filipino Specialist": {
        "precision": 0.6875,
        "recall": 0.5238095238095238,
        "f1-score": 0.5945945945945946,
        "support": 21.0
    },
    "General Education Specialist": {
        "precision": 0.6153846153846154,
        "recall": 0.6153846153846154,
        "f1-score": 0.6153846153846154,
        "support": 104.0
    },
    "Information Technology Specialist": {
        "precision": 0.56,
        "recall": 0.9333333333333333,
        "f1-score": 0.7,
        "support": 15.0
    },
    "Mathematics Specialist": {
        "precision": 0.68,
        "recall": 0.7727272727272727,
        "f1-score": 0.723404255319149,
        "support": 44.0
    },
    "Nursing Specialist": {
        "precision": 0.7142857142857143,
        "recall": 0.6632653061224489,
        "f1-score": 0.6878306878306878,
        "support": 98.0
    },
    "Physics Specialist": {
        "precision": 0.7058823529411765,
        "recall": 0.4444444444444444,
        "f1-score": 0.5454545454545454,
        "support": 27.0
    },
    "Political Science Specialist": {
        "precision": 0.6111111111111112,
        "recall": 0.9166666666666666,
        "f1-score": 0.7333333333333333,
        "support": 24.0
    },
    "Public Administration Specialist": {
        "precision": 0.7619047619047619,
        "recall": 0.6956521739130435,
        "f1-score": 0.7272727272727273,
        "support": 115.0
    },
    "Science Specialist": {
        "precision": 0.6666666666666666,
        "recall": 0.7777777777777778,
        "f1-score": 0.717948717948718,
        "support": 18.0
    },
    "Social Studies Specialist": {
        "precision": 0.55,
        "recall": 0.5789473684210527,
        "f1-score": 0.5641025641025641,
        "support": 19.0
    },
    "Unemployed": {
        "precision": 0.526813880126183,
        "recall": 0.5566666666666666,
        "f1-score": 0.5413290113452188,
        "support": 600.0
    },
    "accuracy": 0.6226666666666667,
    "macro avg": {
        "precision": 0.6676034899506258,
        "recall": 0.6593291840506807,
        "f1-score": 0.6550801537239475,
        "support": 1500.0
    },
    "weighted avg": {
        "precision": 0.6303050702289306,
        "recall": 0.6226666666666667,
        "f1-score": 0.6232341167456928,
        "support": 1500.0
    }
}