{
    "Agronomy Specialist": {
        "precision": 0.74,
        "recall": 0.6727272727272727,
        "f1-score": 0.7047619047619048,
        "support": 55.0
    },
    "Animal Science Specialist": {
        "precision": 0.7027027027027027,
        "recall": 0.5306122448979592,
        "f1-score": 0.6046511627906976,
        "support": 49.0
    },
    "Automotive Technology Specialist": {
        "precision": 0.7297297297297297,
        "recall": 0.7297297297297297,
        "f1-score": 0.7297297297297297,
        "support": 37.0
    },
    "Biology Specialist": {
        "precision": 0.6363636363636364,
        "recall": 0.5833333333333334,
        "f1-score": 0.6086956521739131,
        "support": 12.0
    },
    "Communication Specialist": {
        "precision": 0.6666666666666666,
        "recall": 0.5217391304347826,
        "f1-score": 0.5853658536585366,
        "support": 23.0
    },
    "Computer Science Specialist": {
        "precision": 0.7727272727272727,
        "recall": 0.7391304347826086,
        "f1-score": 0.7555555555555555,
        "support": 23.0
    },
    "Criminology Specialist": {
        "precision": 0.7319587628865979,
        "recall": 0.6574074074074074,
        "f1-score": 0.6926829268292682,
        "support": 108.0
    },
    "Electrical Technology Specialist": {
        "precision": 0.6666666666666666,
        "recall": 0.4827586206896552,
        "f1-score": 0.56,
        "support": 29.0
    },
    "Electronics Technology Specialist": {
        "precision": 0.5609756097560976,
        "recall": 0.71875,
        "f1-score": 0.6301369863013698,
        "support": 32.0
    },
    "English Specialist": {
        "precision": 0.8222222222222222,
        "recall": 0.7872340425531915,
        "f1-score": 0.8043478260869565,
        "support": 47.0
    },
    "Filipino Specialist": {
        "precision": 0.6,
        "recall": 0.5714285714285714,
        "f1-score": 0.5853658536585366,
        "support": 21.0
    },
    "General Education Specialist": {
        "precision": 0.6470588235294118,
        "recall": 0.6346153846153846,
        "f1-score": 0.6407766990291263,
        "support": 104.0
    },
    "Information Technology Specialist": {
        "precision": 0.52,
        "recall": 0.8666666666666667,
        "f1-score": 0.65,
        "support": 15.0
    },
    "Mathematics Specialist": {
        "precision": 0.7659574468085106,
        "recall": 0.8181818181818182,
        "f1-score": 0.7912087912087912,
        "support": 44.0
    },
    "Nursing Specialist": {
        "precision": 0.7204301075268817,
        "recall": 0.6836734693877551,
        "f1-score": 0.7015706806282722,
        "support": 98.0
    },
    "Physics Specialist": {
        "precision": 0.7333333333333333,
        "recall": 0.4074074074074074,
        "f1-score": 0.5238095238095238,
        "support": 27.0
    },
    "Political Science Specialist": {
        "precision": 0.6129032258064516,
        "recall": 0.7916666666666666,
        "f1-score": 0.6909090909090909,
        "support": 24.0
    },
    "Public Administration Specialist": {
        "precision": 0.7745098039215687,
        "recall": 0.6869565217391305,
        "f1-score": 0.728110599078341,
        "support": 115.0
    },
    "Science Specialist": {
        "precision": 0.6666666666666666,
        "recall": 0.6666666666666666,
        "f1-score": 0.6666666666666666,
        "support": 18.0
    },
    "Social Studies Specialist": {
        "precision": 0.5263157894736842,
        "recall": 0.5263157894736842,
        "f1-score": 0.5263157894736842,
        "support": 19.0
    },
    "Unemployed": {
        "precision": 0.5315870570107858,
        "recall": 0.575,
        "f1-score": 0.5524419535628503,
        "support": 600.0
    },
    "accuracy": 0.6273333333333333,
    "macro avg": {
        "precision": 0.6727988344666137,
        "recall": 0.6500952942280805,
        "f1-score": 0.6539572974244198,
        "support": 1500.0
    },
    "weighted avg": {
        "precision": 0.6362562235184378,
        "recall": 0.6273333333333333,
        "f1-score": 0.6284846526393083,
        "support": 1500.0
    }
}