,precision,recall,f1-score,support
False,0.46408839779005523,0.28,0.3492723492723493,600.0
True,0.6203866432337434,0.7844444444444445,0.6928361138370952,900.0
accuracy,0.5826666666666667,0.5826666666666667,0.5826666666666667,0.5826666666666667
macro avg,0.5422375205118993,0.5322222222222223,0.5210542315547222,1500.0
weighted avg,0.5578673450562681,0.5826666666666667,0.5554106080111969,1500.0
