model_name,r2,rmse,mae,explained_variance,accuracy_01,accuracy_005
random_forest,0.1923785431276791,0.40429627600724677,0.34683124324615816,0.19544678304114338,0.20133333333333334,0.098
xgboost,0.19546900959288038,0.4035219889490904,0.356440673917532,0.19845757227692473,0.10266666666666667,0.0
ridge_regression,0.10872837064419982,0.42471818643929254,0.38960059551939463,0.11241891350791156,0.017333333333333333,0.004666666666666667
