Metric,Value
R²,0.1923785431276791
MSE,0.16345547879332786
RMSE,0.40429627600724677
MAE,0.34683124324615816
Explained Variance,0.19544678304114338
Accuracy (±0.1),0.20133333333333334
Accuracy (±0.05),0.098
