,precision,recall,f1-score,support
False,0.5770171149144254,0.3933333333333333,0.46778989098116946,600.0
True,0.6663611365719523,0.8077777777777778,0.730286288297338,900.0
accuracy,0.642,0.642,0.642,0.642
macro avg,0.6216891257431889,0.6005555555555555,0.5990380896392538,1500.0
weighted avg,0.6306235279089415,0.642,0.6252877293708705,1500.0
